,Name,URL,MinBounty,MaxBounty
0,Payment,https://bugcrowd.com/programs/teasers/divine-darkness-4842,200.0,15000.0
1,Avito,https://bugcrowd.com/avito,50.0,3500.0
2,Lbrands Victoria's Secret - VDP Pro,https://bugcrowd.com/lbrands-vs-vdp,0.0,0.0
3,Federal Communications Commission: Vulnerability Disclosure Program,https://bugcrowd.com/fcc-vdp,0.0,0.0
4,ID & digital public services for Ukraine,https://bugcrowd.com/programs/teasers/frosty-thunder-5079,200.0,4500.0
5,Department of Homeland Security: Vulnerability Disclosure Program,https://bugcrowd.com/dhs-vdp,0.0,0.0
6,National Labor Relations Board: Vulnerability Disclosure Program,https://bugcrowd.com/nlrb-vdp,0.0,0.0
7,Federal Retirement Thrift Investment Board : Vulnerability Disclosure Program,https://bugcrowd.com/frtib-vdp,0.0,0.0
8,Millennium Challenge Corporation: Vulnerability Disclosure Program,https://bugcrowd.com/mcc-vdp,0.0,0.0
9,United States Department of Agriculture: Vulnerability Disclosure Program,https://bugcrowd.com/usda-vdp,0.0,0.0
10,Department of Labor: Vulnerability Disclosure Program,https://bugcrowd.com/dol-vdp,0.0,0.0
11,Privacy and Civil Liberties Oversight Board: Vulnerability Disclosure Program,https://bugcrowd.com/pclob-vdp,0.0,0.0
12,Equal Employment Opportunity Commission: Vulnerability Disclosure Program,https://bugcrowd.com/eeoc-vdp,0.0,0.0
13,Occupational Safety and Health Review Commission: Vulnerability Disclosure Program,https://bugcrowd.com/oshrc-vdp,0.0,0.0
14,Court Services and Offender Supervision Agency: Vulnerability Disclosure Program,https://bugcrowd.com/csosa-vdp,0.0,0.0
15,Ibotta,https://bugcrowd.com/ibotta,50.0,5000.0
16,OneTrust,https://bugcrowd.com/onetrust,300.0,6500.0
17,Bullish.com,https://bugcrowd.com/bullish,500.0,12000.0
18,AMEX - Global Business Travel Vulnerability Disclosure Program,https://bugcrowd.com/amexgbt-vdp,0.0,0.0
19,Deribit,https://bugcrowd.com/deribit,100.0,5000.0
20,Twilio,https://bugcrowd.com/twilio,20.0,9500.0
21,A multinational consumer goods is looking for top talent to secure their huge attack surface!,https://bugcrowd.com/programs/teasers/aCinC48ZuX41qsYYrDuQ5PK4,200.0,2500.0
22,Help Keep One of the World's Largest Retailers Safe!,https://bugcrowd.com/programs/teasers/Pn7YEFSanfM8zqKGDo6rdZce,0.0,0.0
23,Upwork,https://bugcrowd.com/upwork,120.0,5000.0
24,Unity Technology,https://bugcrowd.com/unity,100.0,3000.0
25,Smartmockups,https://bugcrowd.com/smartmockups,600.0,6000.0
26,Pixabay,https://bugcrowd.com/pixabay,600.0,6000.0
27,Pexels,https://bugcrowd.com/pexels,600.0,6000.0
28,Lbrands Bath & Body Works - VDP Pro,https://bugcrowd.com/lbrands-bbw-vdp,0.0,0.0
29,RealSelf,https://bugcrowd.com/realself,200.0,4500.0
30,Elementor: Bug Bounty Program,https://bugcrowd.com/elementor,500.0,3000.0
31,Endurance ,https://bugcrowd.com/endurance,0.0,0.0
32,Memsource Vulnerability Disclosure Program,https://bugcrowd.com/memsource-vdp,0.0,0.0
33,K15t,https://bugcrowd.com/k15t,100.0,1500.0
34,Stiltsoft,https://bugcrowd.com/stiltsoft,100.0,3000.0
35,Help Create a Secure & Better Way to Live ,https://bugcrowd.com/programs/teasers/2PW2ao9Pxm8LBBfiQyooT29J,150.0,2500.0
36,Web.com,https://bugcrowd.com/webdotcom,150.0,5000.0
37,BlueHost India VDP Pro,https://bugcrowd.com/newfold-bluehostindia-vdp,0.0,0.0
38,Credit Karma,https://bugcrowd.com/creditkarma,100.0,5000.0
39,HostGator,https://bugcrowd.com/endurance-hostgator,0.0,0.0
40,Reseller Club VDP Pro,https://bugcrowd.com/newfold-resellerclub-vdp,0.0,0.0
41, 1Password,https://bugcrowd.com/agilebits,300.0,30000.0
42,Contrast Security,https://bugcrowd.com/contrast-security,100.0,1500.0
43,Domain.com,https://bugcrowd.com/endurance-domain,0.0,0.0
44,iPage,https://bugcrowd.com/endurance-ipage,0.0,0.0
45,TripAdvisor Mobile,https://bugcrowd.com/tripadvisor-mobile,100.0,3500.0
46,Leading digital transaction provider. New mobile targets introduced recently!,https://bugcrowd.com/programs/teasers/Jpzfw2e8eSJaYSjdN9TGiK8d,100.0,3000.0
47,lululemon,https://bugcrowd.com/lululemon,50.0,3000.0
48,Electroneum,https://bugcrowd.com/electroneum,200.0,4500.0
49,A fantasy sports platform with over 100 million users,https://bugcrowd.com/programs/teasers/APnRLRQMhtdKEokr6Sd3TWEi,500.0,8000.0
50,SnapNames VDP,https://bugcrowd.com/snapnames-vdp,0.0,0.0
51,NameJet VDP,https://bugcrowd.com/namejet-vdp,0.0,0.0
52,Accellion Enterprise Content Firewall ,https://bugcrowd.com/accellion-public,250.0,25000.0
53,Mail.ru Group,https://bugcrowd.com/mailru,150.0,60000.0
54,Cloud Security Platform,https://bugcrowd.com/programs/teasers/gaCPhg1rSBNy9AeVKnmbi9Rv,0.0,0.0
55,Jumbo Privacy,https://bugcrowd.com/jumboprivacy,200.0,4500.0
56,Whatfix,https://bugcrowd.com/whatfix,100.0,4000.0
57,Step Public Applications,https://bugcrowd.com/step-public,200.0,10000.0
58,Cengage VDP,https://bugcrowd.com/cengage-vdp,0.0,0.0
59,Cloudinary,https://bugcrowd.com/cloudinary,500.0,3000.0
60,Help an AdTech Company Stay Safe!,https://bugcrowd.com/programs/teasers/LpGD4WXdR2UTu2mJ9pdhUMvA,200.0,4500.0
61,Aruba Networks Public Program,https://bugcrowd.com/aruba-public,1200.0,2000.0
62,Mailgun ,https://bugcrowd.com/mailgun,100.0,1500.0
63,Regions Bank Vulnerability Disclosure Program ,https://bugcrowd.com/regions-vdp,0.0,0.0
64,Gusto,https://bugcrowd.com/gusto,500.0,5000.0
65,UK FinTech business banking mobile application,https://bugcrowd.com/programs/teasers/NrkF3VgMxU9gFeFEpysYzGc2,500.0,5000.0
66,Western Union,https://bugcrowd.com/westernunion,100.0,5000.0
67,"Acorns Grow, Inc.",https://bugcrowd.com/acorns,200.0,3500.0
68,Intercom,https://bugcrowd.com/intercom,100.0,5000.0
69,SailPoint,https://bugcrowd.com/programs/teasers/crimson-wind-1005,150.0,5000.0
70,DICK'S Sporting Goods,https://bugcrowd.com/dickssportinggoods,0.0,0.0
71,Sprout Social,https://bugcrowd.com/sproutsocial,0.0,0.0
72,Cash App,https://bugcrowd.com/cashapp,150.0,8000.0
73,NAB's Responsible Disclosure Program,https://bugcrowd.com/nationalaustraliabankog,0.0,0.0
74,Platform Hosting Infrastructure from Leading Provider of Computing Software,https://bugcrowd.com/programs/teasers/qoUJFQbS1dRvXQBWutnwDUHx,100.0,4500.0
75,A Leading Financial Services and Insurance Company,https://bugcrowd.com/programs/teasers/PhZA2CKG9vHhhBVM4EwcXuaJ,200.0,3000.0
76,Indeed,https://bugcrowd.com/indeed,200.0,10000.0
77,Web + API Applications in this OnGoing Bug Bounty Program,https://bugcrowd.com/programs/teasers/ovv41tyYARpWDHrCsFHLse6D,150.0,2500.0
78,Kistler Vulnerability Disclosure Program,https://bugcrowd.com/kistler-vdp,0.0,0.0
79,Jora,https://bugcrowd.com/jora,50.0,2500.0
80,Opera Public Bug Bounty,https://bugcrowd.com/opera,100.0,10000.0
81,Caffeine,https://bugcrowd.com/caffeine,150.0,5000.0
82,20 Minuten,https://bugcrowd.com/twentyminuten,250.0,5000.0
83, Comcast Xfinity Vulnerability Disclosure Program,https://bugcrowd.com/comcastvdp,1250.0,1250.0
84,Algorand,https://bugcrowd.com/algorand,125.0,2500.0
85,SmartThings Vulnerability Disclosure,https://bugcrowd.com/smartthings,0.0,0.0
86,Redox,https://bugcrowd.com/redox,125.0,4000.0
87,Xfinity Opensource,https://bugcrowd.com/xfinity-opensource,250.0,3500.0
88,OLX Group,https://bugcrowd.com/olxgroup,0.0,0.0
89,Mobility Company Looking for Your Skills!,https://bugcrowd.com/programs/teasers/pY68GCL2kFMfrz1meTHJAXh4,100.0,5000.0
90,Sophos,https://bugcrowd.com/sophos,100.0,20000.0
91,Help secure this Peer-to-Peer Marketplace,https://bugcrowd.com/programs/teasers/4WFYRFh1eGZhkPzZbuVCdCew,0.0,0.0
92,Growtopia,https://bugcrowd.com/growtopia,300.0,6500.0
93,Okta,https://bugcrowd.com/okta,100.0,25000.0
94,EOSIO Software and System Contracts,https://bugcrowd.com/eos-smart-contracts,500.0,12000.0
95,Web.com VDP,https://bugcrowd.com/webdotcom-vdp,0.0,0.0
96,codefortynine,https://bugcrowd.com/codefortynine,100.0,1500.0
97,Canva,https://bugcrowd.com/canva,600.0,10000.0
98,Centrify,https://bugcrowd.com/centrify,100.0,4500.0
99,HubSpot,https://bugcrowd.com/hubspot,50.0,1500.0
100,Socrata,https://bugcrowd.com/socrata,150.0,3500.0
101,Docusign: Vulnerability Disclosure Program,https://bugcrowd.com/docusign-vdp,0.0,0.0
102,Netflix,https://bugcrowd.com/netflix,150.0,20000.0
103,Arlo Cash Rewards,https://bugcrowd.com/arlo,100.0,6000.0
104,Kenna Security,https://bugcrowd.com/kennasecurity,50.0,4500.0
105,eero,https://bugcrowd.com/eero,0.0,0.0
106,Host Gator LATAM,https://bugcrowd.com/endurance-hostgatorlatam,0.0,0.0
107,LogicBoxes / OrderBox,https://bugcrowd.com/endurance-orderbox,0.0,0.0
108,"Experience football connection like never before, bringing fantasy to reality and keep players secure!",https://bugcrowd.com/programs/teasers/o3eqyEZ2zbGoQXXBW65NBhkD,150.0,5000.0
109,Websitebuilder.com,https://bugcrowd.com/endurance-builder,0.0,0.0
110,Asana,https://bugcrowd.com/asana,150.0,2500.0
111,PlanetHoster,https://bugcrowd.com/planethosterinc,200.0,3000.0
112,Directly,https://bugcrowd.com/directly,250.0,3000.0
113,"Simplifying complex work wherever, and you can help secure it! (2x bonus rewards)",https://bugcrowd.com/programs/teasers/Vjpfr6mxTdGw6VBYRvimMtQJ,150.0,2500.0
114,Starlink,https://bugcrowd.com/spacex,1000.0,25000.0
115,Test a unicorn in the airline ticketing and hotel booking industry!,https://bugcrowd.com/programs/teasers/vzeiF8HxunufJrbpNbdrma4g,100.0,2500.0
116,Lime,https://bugcrowd.com/lime,200.0,7000.0
117,tZERO Vulnerability Disclosure Program,https://bugcrowd.com/tzero-vdp,0.0,0.0
118,iRobot,https://bugcrowd.com/irobot,200.0,7000.0
119,ExpressVPN,https://bugcrowd.com/expressvpn,150.0,2500.0
120,Bluehost,https://bugcrowd.com/endurance-bluehost,0.0,0.0
121,InVision Enterprise v7,https://bugcrowd.com/invision-v7,100.0,1500.0
122,Segment,https://bugcrowd.com/segment,100.0,2500.0
123,Optimizely,https://bugcrowd.com/optimizely,1000.0,5000.0
124,Binance,https://bugcrowd.com/binance,200.0,10000.0
125,Octopus,https://bugcrowd.com/octopus-og,150.0,3000.0
126,Skyscanner,https://bugcrowd.com/skyscanner,100.0,4000.0
127,A leading private media group needs your help to secure their broad list of websites!,https://bugcrowd.com/programs/teasers/xgxjm1AhSnaHgrXb6dhfPKxM,0.0,0.0
128,Arkose Labs,https://bugcrowd.com/arkose-labs,100.0,2000.0
129,Keeper Security Public Bounty Program,https://bugcrowd.com/keepersecurity,150.0,4500.0
130,A Patient Engagement Platform,https://bugcrowd.com/programs/teasers/dKJhahhbBJQ7FLqLXeAJGMY8,100.0,4000.0
131,BugPoC,https://bugcrowd.com/bugpoc-mbb,150.0,4000.0
132,Blend,https://bugcrowd.com/blend-vdp,0.0,0.0
133,NeoPhotonics,https://bugcrowd.com/neophotonics,100.0,3500.0
134,Stellantis ,https://bugcrowd.com/stellantis,150.0,7500.0
135,Personal Capital,https://bugcrowd.com/personalcapital,150.0,4000.0
136,WestJet's Vulnerability Disclosure Program,https://bugcrowd.com/westjet-disclose,0.0,0.0
137,"Automate, customize and extend!",https://bugcrowd.com/programs/teasers/CuK9RZhPuFhKCvewXbxWFy3M,100.0,1500.0
138,FireEye Bug Bounty Program,https://bugcrowd.com/fireeye,50.0,2500.0
139,Bitdefender,https://bugcrowd.com/bitdefender,100.0,15000.0
140,"Web, API, iOS and Android Applications in Ongoing Bounty Program",https://bugcrowd.com/programs/teasers/V8rjBFxupVP2t9xqommVvgXF,0.0,10000.0
141,Cybrary,https://bugcrowd.com/cybrary,0.0,0.0
142,Mastercard SRC,https://bugcrowd.com/mastercard-src,100.0,3000.0
143,Tesla,https://bugcrowd.com/tesla,100.0,15000.0
144,Viator,https://bugcrowd.com/viator,200.0,4500.0
145,Cloudways,https://bugcrowd.com/cloudways,50.0,4000.0
146,Global Financial Institution,https://bugcrowd.com/programs/teasers/little-smoke-2110,0.0,0.0
147,An established software company is looking for talented researchers to help secure their broad web and API scope!,https://bugcrowd.com/programs/teasers/poDPNv8MqE1t3GntC8zGMvSi,100.0,4250.0
148,Safety First!,https://bugcrowd.com/programs/teasers/auGYMAudW3xRzkUm5mhBA9nh,150.0,6000.0
149,Unilever Vulnerability Disclosure Program,https://bugcrowd.com/unilever-vdp,0.0,0.0
150,Be the Authority!,https://bugcrowd.com/programs/teasers/ihjPujsLBGznTPRDeRvLvYBL,100.0,1500.0
151,3 Easy payments,https://bugcrowd.com/programs/teasers/PYG4BcYhkMm668So9ZdYxvFh,150.0,2500.0
152,Wise (ex-TransferWise),https://bugcrowd.com/wise,100.0,4000.0
153,An international IT and telecommunications company would like your help to secure their API and Web targets! Can you help them? ,https://bugcrowd.com/programs/teasers/D6ktyjtr1GH2DVT3dsLw37oL,150.0,2500.0
154,"Automatic, Systematic",https://bugcrowd.com/programs/teasers/ptBb5dBZppXPxL5H4fqatAGb,100.0,1500.0
155,Takeaway.com,https://bugcrowd.com/takeaway,100.0,2500.0
156,Application to find help around the house.,https://bugcrowd.com/programs/teasers/KQaKCY3q8wCF7GQyNjybbbYx,150.0,2100.0
157,Xfinity Home & xFi,https://bugcrowd.com/xfinity-home,250.0,3500.0
158,Better Git Going!,https://bugcrowd.com/programs/teasers/cNBpFBGjMPRKspZYFnrc5Kcu,150.0,2500.0
159,Leading BioTech firm,https://bugcrowd.com/programs/teasers/mJuqBbrajVZMck72L2teD1Km,150.0,2500.0
160,An electronics retailer would like your help!,https://bugcrowd.com/programs/teasers/eQTUitf7a1btxJGEXtAWMtYd,50.0,2500.0
161,"A Cryptocurrency payment system needs your help to secure multiple web applications, APIs and mobile applications!",https://bugcrowd.com/programs/teasers/Rp7kgWq5z8pit9UstPQbSmg9,200.0,4500.0
162,Boozt Fashion,https://bugcrowd.com/boozt-og,250.0,5500.0
163,BitDiscovery,https://bugcrowd.com/bitdiscovery,0.0,0.0
164,Click here to submit a support ticket!,https://bugcrowd.com/programs/teasers/dzLdTDyKibS7sbLurifaVrGk,0.0,0.0
165,Help secure an American healthcare provider’s API assets,https://bugcrowd.com/programs/teasers/5VqRm3tLw4kETHq95hGbwgJT,200.0,3000.0
166,Private program for web data visualizer plug-ins,https://bugcrowd.com/programs/teasers/NqPBZv1FQntcnjGu2ejXfeZR,100.0,1500.0
167,SDKs and APIs Oh My!,https://bugcrowd.com/programs/teasers/1Z21mCvj7Fkohij4GEv4L2mv,200.0,4500.0
168,TripAdvisor ,https://bugcrowd.com/tripadvisor-vdp,100.0,5000.0
169,MasterCard VDP,https://bugcrowd.com/mastercard-vdp,0.0,0.0
170,Naspers,https://bugcrowd.com/naspers,0.0,0.0
171,Investing Application looks to secure Local Businesses,https://bugcrowd.com/programs/teasers/gEtsxQJAY8i6QgorsUG4bhAt,100.0,2500.0
172,Pinterest,https://bugcrowd.com/pinterest,200.0,15001.0
173,Large rewards on an API heavy program!,https://bugcrowd.com/programs/teasers/xEV8fiDcRXC2ki7Kp9aBZGJ6,200.0,4500.0
174,Atlassian,https://bugcrowd.com/atlassian,200.0,10000.0
175,HealthifyMe's Vulnerability Disclosure Program,https://bugcrowd.com/healthifyme,0.0,0.0
176,SEEK ,https://bugcrowd.com/seek,50.0,10000.0
177,Made in the USA,https://bugcrowd.com/programs/teasers/6dF5BFZpPHHTUJwzBY1PDJtb,200.0,4500.0
178,Land of the Free,https://bugcrowd.com/programs/teasers/iDZhypDohatBc57iUufGC1MG,200.0,4500.0
179,You Need a Budget (YNAB),https://bugcrowd.com/ynab,150.0,3000.0
180,Algorand,https://bugcrowd.com/algorand-vdp,0.0,0.0
181,Leading Cybersecurity Solutions Provider,https://bugcrowd.com/programs/teasers/g55EBqXg4edagMyYHdWBRz3S,50.0,3500.0
182,SoundCloud,https://bugcrowd.com/soundcloud,200.0,4500.0
183,WP Engine,https://bugcrowd.com/wpengine,0.0,0.0
184,Let's go secure this private program!,https://bugcrowd.com/programs/teasers/wz2XjLbMbdSSVadU4sTkDAgJ,50.0,3000.0
185,Mastercard (VDP Extension),https://bugcrowd.com/mastercard-vdp-ext,0.0,0.0
186,Financial Services Provider,https://bugcrowd.com/programs/teasers/2QPzmcExC5eNu2VF1K3BpWEw,100.0,3500.0
187,Blue Jeans Network,https://bugcrowd.com/bluejeans,250.0,2000.0
188,StackPath,https://bugcrowd.com/stackpath,0.0,0.0
189,"No hardware, no problem! Route your submissions here!",https://bugcrowd.com/programs/teasers/85QHLUn4xVHNMXnm5RnTXi5i,150.0,2500.0
190,Help secure web and mobile assets of a leading grocery e-commerce platform,https://bugcrowd.com/programs/teasers/CmAFeA8hWbJsUE5S6RTMzAqZ,150.0,5000.0
191,Dell Technologies,https://bugcrowd.com/dell,0.0,0.0
192,Help Secure an Anti-Crime FinTech Application,https://bugcrowd.com/programs/teasers/8KNfwfm3QXy4HeKXYvL6fRRq,125.0,2000.0
193,Opsgenie,https://bugcrowd.com/opsgenie,200.0,4000.0
194,Transactional email service made for developers,https://bugcrowd.com/programs/teasers/9ivBQDeA2CPxgjupJES2JyLa,100.0,2000.0
195,Telefónica Germany,https://bugcrowd.com/telefonicavdp,0.0,0.0
196,Today I Learned...,https://bugcrowd.com/programs/teasers/vzN6J6WNBTcH8wKrNPy2qJNc,250.0,2500.0
197,Western Union Kudos ,https://bugcrowd.com/westernunion-kudos,0.0,0.0
198,Help secure the connection between teachers and students and build better classrooms,https://bugcrowd.com/programs/teasers/nJvfrwkiaktFrMkKdSEexXtz,150.0,2100.0
199,"Help secure an American healthcare provider’s API, web and mobile assets",https://bugcrowd.com/programs/teasers/31HdyjMajAJgMkE5hUB7jC2h,100.0,2800.0
200,"Exciting cloud-based iPad point of sale software company needs your help to secure their Web, API and mobile targets!",https://bugcrowd.com/programs/teasers/qBGsVZkQWfStg2RZq1qyFB4Z,50.0,3500.0
201,End to End Payment Solution,https://bugcrowd.com/programs/teasers/NN5Yd45gNJZdnVaEDPuqkmKH,100.0,3500.0
202,Help make the cloud landscape more secure ,https://bugcrowd.com/programs/teasers/ZgTj3xvrZb2Mj7T796MJqMmz,200.0,6500.0
203,Digital Asset Marketplace Looking for Testers,https://bugcrowd.com/programs/teasers/8ydDkusWMXCAqv4e4CBr2sgt,100.0,2000.0
204,Professional Counselling Provider,https://bugcrowd.com/programs/teasers/dKZe19MnPivPJUoEgw3f5f4S,150.0,10000.0
205,Customer Experience and Resource Planning Applications,https://bugcrowd.com/programs/teasers/igumKmiWyvnL3qBXJeaFevFF,0.0,0.0
206,The leader in transport fuels.,https://bugcrowd.com/programs/teasers/pinkJ5MeAb2fpEH1QkQA9uuS,150.0,2500.0
207,Help this SaaS Company Stay Secure! ,https://bugcrowd.com/programs/teasers/zgHY35iBCgUX88ta2EhdrvgR,100.0,3000.0
208,Help Keep a Financial Company Secure!,https://bugcrowd.com/programs/teasers/wenDhQkBP4FrJAAUF5jevaPH,100.0,4500.0
209,Help to secure a SaaS HR program,https://bugcrowd.com/programs/teasers/WFDBqi4g48C38aVSNt69zowg,100.0,3500.0
210,Mathematical software solutions provider,https://bugcrowd.com/programs/teasers/eQuhxoBoidGUJpQZgWisbrrk,0.0,0.0
211,USAA,https://bugcrowd.com/usaa,100.0,6000.0
212,PureVPN,https://bugcrowd.com/purevpn,50.0,1500.0
213,Trello,https://bugcrowd.com/trello,300.0,10000.0
214,Educational tool used by students worldwide,https://bugcrowd.com/programs/teasers/YnMCWcQy4ay1meH5zS4KmQe4,150.0,2000.0
215,Overstock's Vulnerability Disclosure Page!,https://bugcrowd.com/overstockvdp,0.0,0.0
216,Help secure an American healthcare provider’s web assets,https://bugcrowd.com/programs/teasers/bTgxyayqEaWS6hqUJLruvaT9,100.0,2000.0
217,Arlo Kudos Rewards,https://bugcrowd.com/arlokudos,0.0,0.0
218,UNDER ARMOUR,https://bugcrowd.com/underarmour,0.0,0.0
219,Fleet Management Application ,https://bugcrowd.com/programs/teasers/XR31EGGTQjkxREVqi4RNwPXv,250.0,5500.0
220,Moneytree KK,https://bugcrowd.com/moneytreekkog,300.0,5000.0
221,Square Open Source,https://bugcrowd.com/squareopensource,100.0,10000.0
222,A consumer device maker is looking for help securing its hardware/software assets,https://bugcrowd.com/programs/teasers/rp9tjj4WKMn1yTz5VRv46ssZ,150.0,4000.0
223,Etsy,https://bugcrowd.com/etsy,100.0,10000.0
224,Cisco Meraki,https://bugcrowd.com/ciscomeraki,100.0,10000.0
225,Bitdefender Box v2,https://bugcrowd.com/bitdefenderbox2,200.0,5000.0
226,Square,https://bugcrowd.com/square,900.0,5000.0
227,Fitbit,https://bugcrowd.com/fitbit,100.0,2500.0
228,FinTech provider ,https://bugcrowd.com/programs/teasers/muoeF4Rpqf48kDvaANUyG3QQ,150.0,3500.0
229,SAP Concur,https://bugcrowd.com/concur,0.0,0.0
230,Do you like games?,https://bugcrowd.com/programs/teasers/CVP3tvjhbJZP4tQ4TCscBuaT,150.0,4500.0
231,Sports and Gaming with Large Attack Surface,https://bugcrowd.com/programs/teasers/xyo5VQceR2kZ3ciNALTQeUKM,0.0,0.0
232,Information Security Company's Ongoing Program,https://bugcrowd.com/programs/teasers/qEcxjGndRoGtHNobumXqvbSJ,0.0,0.0
233,NETGEAR Kudos Rewards,https://bugcrowd.com/netgearkudos,0.0,0.0
234,NETGEAR Cash Rewards,https://bugcrowd.com/netgear,150.0,1200.0
235,Retail Company ,https://bugcrowd.com/programs/teasers/mb7DbrFxEqxoFro9MPJiqpA3,0.0,0.0
236,Leading Travel Company,https://bugcrowd.com/programs/teasers/LLxRJ9BynmzRBJFGVbZTQKxa,0.0,0.0
237,Payment platform looking for bug hunters!,https://bugcrowd.com/programs/teasers/ZFU5tCmZVAJJc3W3y66eWdfb,50.0,10000.0
238,Splunk Enterprise,https://bugcrowd.com/programs/teasers/dJdv2FdCjveBAoLYhCm8hEPY,250.0,7500.0
239,InVision ,https://bugcrowd.com/invision,25.0,500.0
240,LastPass,https://bugcrowd.com/lastpass,100.0,5000.0
241,Stream on!,https://bugcrowd.com/programs/teasers/yam5XzDQYwY7uZfGnsLwbAyq,100.0,3000.0
242,OWASP Java Encoder,https://bugcrowd.com/owaspjavaencoder,0.0,0.0
243,Help secure a shocking new eCommerce platform,https://bugcrowd.com/programs/teasers/BRTLEC2brLWovrqfpFoF7V3R,50.0,1000.0
244,"Constant Contact, Inc.",https://bugcrowd.com/constantcontact,0.0,0.0
245,Mastercard,https://bugcrowd.com/mastercard,100.0,3000.0
246,OWASP CSRFGuard,https://bugcrowd.com/owaspcrsfguard,0.0,0.0
247,OWASP Java HTML Sanitizer,https://bugcrowd.com/owaspjavasanitizer,0.0,0.0
248,OWASP® ZAP,https://bugcrowd.com/owaspzap,1000.0,1000.0
249,SecureDrop,https://bugcrowd.com/freedomofpress,100.0,2500.0
250,(ISC)²,https://bugcrowd.com/isc2,0.0,0.0
251,FoxyCart,https://bugcrowd.com/foxycart,25.0,250.0
252,"Appliances - Barracuda Networks, Inc.",https://bugcrowd.com/barracuda,0.0,0.0
253,Humble Bundle,https://bugcrowd.com/humblebundle,0.0,0.0
254,Pantheon,https://bugcrowd.com/pantheon,25.0,500.0
255,Statuspage,https://bugcrowd.com/statuspage,200.0,4000.0
256,WHMCS Client Management Portal,https://bugcrowd.com/whmcs,75.0,5000.0
257,Hack Me!,https://bugcrowd.com/hackme,20.0,10000.0
258,Bugcrowd,https://bugcrowd.com/bugcrowd,300.0,10000.0
